{"Interferences": 0, "Mass": 6.844666851833628, "Batt_amps_ratio_MFD": 0.698531032, "Batt_amps_ratio_MxSpd": 0.698531032, "Distance_MxSpd": 1924.0376, "Max_Distance": 1924.0376, "Hover_Time": 0.0, "Max_Speed": 35.0, "Max_uc_at_MFD": 0.980900705, "Mot_amps_ratio_MFD": 0.878785133, "Mot_amps_ratio_MxSpd": 0.878785133, "Mot_power_ratio_MFD": 0.720937967, "Mot_power_ratio_MxSpd": 0.720937967, "Power_MFD": 4948.63818, "Power_MxSpd": 4948.63818, "Speed_MFD": 35.0}