{"Interferences": 2, "Mass": 6.620919136755595, "Batt_amps_ratio_MFD": 0.996397018, "Batt_amps_ratio_MxSpd": 1.36428773, "Distance_MxSpd": 5488.57812, "Max_Distance": 5780.82812, "Hover_Time": 232.453079, "Max_Speed": 39.0, "Max_uc_at_MFD": 0.624113917, "Mot_amps_ratio_MFD": 0.654968262, "Mot_amps_ratio_MxSpd": 0.713214397, "Mot_power_ratio_MFD": 0.501507342, "Mot_power_ratio_MxSpd": 0.546106219, "Power_MFD": 3040.77539, "Power_MxSpd": 4995.56006, "Speed_MFD": 30.0}