{"Interferences": 2, "Mass": 3.7145033344678087, "Batt_amps_ratio_MFD": 0.752177358, "Batt_amps_ratio_MxSpd": 0.752177358, "Distance_MxSpd": 255.258942, "Max_Distance": 255.258942, "Hover_Time": 52.4517326, "Max_Speed": 5.0, "Max_uc_at_MFD": 1.0, "Mot_amps_ratio_MFD": 0.790931106, "Mot_amps_ratio_MxSpd": 0.790931106, "Mot_power_ratio_MFD": 0.520256937, "Mot_power_ratio_MxSpd": 0.520256937, "Power_MFD": 990.949097, "Power_MxSpd": 990.949097, "Speed_MFD": 5.0}