{"Interferences": 5, "Mass": 6.096821831584433, "Batt_amps_ratio_MFD": 0.394206852, "Batt_amps_ratio_MxSpd": 0.394206852, "Distance_MxSpd": 389.643158, "Max_Distance": 389.643158, "Hover_Time": 100.930267, "Max_Speed": 4.0, "Max_uc_at_MFD": 0.996614575, "Mot_amps_ratio_MFD": 0.835960507, "Mot_amps_ratio_MxSpd": 0.835960507, "Mot_power_ratio_MFD": 0.467659265, "Mot_power_ratio_MxSpd": 0.467659265, "Power_MFD": 1740.33044, "Power_MxSpd": 1740.33044, "Speed_MFD": 4.0}