{"Interferences": 0, "Mass": 6.8654205498774825, "Batt_amps_ratio_MFD": 0.539557874, "Batt_amps_ratio_MxSpd": 0.633446753, "Distance_MxSpd": 2546.07031, "Max_Distance": 2633.26709, "Hover_Time": 112.704437, "Max_Speed": 42.0, "Max_uc_at_MFD": 0.926002979, "Mot_amps_ratio_MFD": 0.541011691, "Mot_amps_ratio_MxSpd": 0.605845511, "Mot_power_ratio_MFD": 0.281495154, "Mot_power_ratio_MxSpd": 0.315228969, "Power_MFD": 3830.323, "Power_MxSpd": 4926.9834, "Speed_MFD": 37.0}