{"Interferences": 20, "Mass": 8.396234965600895, "Batt_amps_ratio_MFD": 0.481773168, "Batt_amps_ratio_MxSpd": 0.617545009, "Distance_MxSpd": 994.907227, "Max_Distance": 1036.17224, "Hover_Time": 72.223877, "Max_Speed": 16.0, "Max_uc_at_MFD": 0.842704177, "Mot_amps_ratio_MFD": 0.473735124, "Mot_amps_ratio_MxSpd": 0.815501988, "Mot_power_ratio_MFD": 0.237304851, "Mot_power_ratio_MxSpd": 0.408503771, "Power_MFD": 1893.9314, "Power_MxSpd": 2664.49268, "Speed_MFD": 13.0}