{"Interferences": 2, "Mass": 3.4330805367769828, "Batt_amps_ratio_MFD": 0.72659409, "Batt_amps_ratio_MxSpd": 0.906760275, "Distance_MxSpd": 1228.10852, "Max_Distance": 1268.38354, "Hover_Time": 83.8901367, "Max_Speed": 29.0, "Max_uc_at_MFD": 0.738918006, "Mot_amps_ratio_MFD": 0.602965593, "Mot_amps_ratio_MxSpd": 0.807905734, "Mot_power_ratio_MFD": 0.310742617, "Mot_power_ratio_MxSpd": 0.416359991, "Power_MFD": 872.750122, "Power_MxSpd": 1350.86023, "Speed_MFD": 24.0}