{"Interferences": 0, "Mass": 4.19883477644018, "Batt_amps_ratio_MFD": 0.137702227, "Batt_amps_ratio_MxSpd": 0.137702227, "Distance_MxSpd": 4461.80176, "Max_Distance": 4461.80176, "Hover_Time": 316.489136, "Max_Speed": 16.0, "Max_uc_at_MFD": 1.0, "Mot_amps_ratio_MFD": 0.29215619, "Mot_amps_ratio_MxSpd": 0.29215619, "Mot_power_ratio_MFD": 0.133532554, "Mot_power_ratio_MxSpd": 0.133532554, "Power_MFD": 670.2453, "Power_MxSpd": 670.2453, "Speed_MFD": 16.0}