{"Interferences": 0, "Mass": 5.493994010021447, "Batt_amps_ratio_MFD": 0.312672615, "Batt_amps_ratio_MxSpd": 0.312672615, "Distance_MxSpd": 2456.24316, "Max_Distance": 2456.24316, "Hover_Time": 144.288696, "Max_Speed": 20.0, "Max_uc_at_MFD": 0.993840814, "Mot_amps_ratio_MFD": 0.816467702, "Mot_amps_ratio_MxSpd": 0.816467702, "Mot_power_ratio_MFD": 0.39982903, "Mot_power_ratio_MxSpd": 0.39982903, "Power_MFD": 1401.47046, "Power_MxSpd": 1401.47046, "Speed_MFD": 20.0}